Sample ID; Description; Type
G2_portamuestra vs nada; ; Sample
G2_portamuestras vs portamuestras; ; Sample
G2_Clk; ; Sample
G2_ClK_2; ; Sample
G2_ClK vs nada; ; Sample
G2_NaCl; ; Sample
G2_NaCl_2; ; Sample
G2_NaCl vs nada; ; Sample
G2_NaCl en celda plastica; ; Sample
G2_NaCl en celda plastica 2; ; Sample
G2_IK; ; Sample
G2_IK_bien colocado; ; Sample
G2_IK_bien colocado 2; ; Sample
G2_FLi; ; Sample
G2_IK_again; ; Sample
G2_NaCl_last dance; ; Sample
G2_NaCl_last dance 2; ; Sample
G2_ClK_last dance; ; Sample
G2_FNa; ; Sample
G4_FNa; ; Sample
G4_ClK; ; Sample
G4_FLi; ; Sample
G4_FLi_2; ; Sample
G4_FLi_amarillo; ; Sample
G4_NaCl; ; Sample
G4_KBr; ; Sample
Sample7-0; ; Sample
